Id,Actual_SalePrice,Predicted_SalePrice
1,208500,205103.72195659424
2,181500,165255.98259035358
3,223500,212257.20881076026
4,140000,167541.72836986085
5,250000,290323.23158444447
6,143000,150706.51927355857
7,307000,306488.0881576592
8,200000,225016.23104148396
9,129900,138852.68138240976
10,118000,133367.4858714264
11,129500,125462.65866083885
12,345000,359983.41055584437
13,144000,134154.18757257963
14,279500,221309.91408001631
15,157000,146234.4534627784
16,132000,145215.0606010684
17,149000,155260.6147884865
18,90000,103243.10407303592
19,159000,153750.35568617412
20,139000,127574.52525709188
21,325300,328153.92669702356
22,139400,143657.6852573421
23,230000,239014.66549842246
24,129900,139298.1489845957
25,154000,145187.92690204835
26,256300,249076.97994946368
27,134800,132925.7382769496
28,306000,299521.91812249843
29,207500,197257.13595938106
30,68500,69906.13087798141
31,40000,59743.72457039973
32,149350,139932.85413814278
33,179900,208202.74773270977
34,165500,173776.84030877613
35,277500,296021.6812171541
36,309000,311276.47934024397
37,145000,144736.72229286007
38,153000,162607.0628621864
39,109000,130755.43572988376
40,82000,82492.14522842733
41,160000,141831.11358810688
42,170000,167322.39889231607
43,144000,140317.0672700045
44,130250,125770.18827847246
45,141000,137031.9766043405
46,319900,289648.8164203922
47,239686,271237.89598883886
48,249700,246236.1716625239
49,113000,107328.29333838861
50,127000,131911.3316107956
51,177000,167428.67292240763
52,114500,123712.45868264702
53,110000,109775.15272309541
54,385000,379171.5801237559
55,130000,125883.0964011635
56,180500,165218.53181555608
57,172500,199026.34506023588
58,196500,195984.30945501084
59,438780,420686.0648627096
60,124900,123911.7678097641
61,158000,165867.0793101393
62,101000,96497.83058383828
63,202500,213090.86077797334
64,140000,144395.13669853384
65,219500,234771.40099858306
66,317000,307131.47024412756
67,180000,221982.85315704515
68,226000,214250.8133545902
69,80000,84106.58040988336
70,225000,225612.46844699525
71,244000,267696.21665903024
72,129500,127205.04263517632
73,185000,195981.5102166768
74,144900,147851.92708962446
75,107400,96544.89557018352
76,91000,95009.74209354699
77,135750,116712.93605242218
78,127000,127039.49670920745
79,136500,128126.79705585372
80,110000,111095.34060479554
81,193500,188250.25347868257
82,153500,167444.44071975534
83,245000,245904.3156944828
84,126500,120695.2687253731
85,168500,169059.1406025304
86,260000,269038.75227049
87,174000,179605.4004257946
88,164500,158428.07607567665
89,85000,83993.55914351308
90,123600,126673.19798218145
91,109900,100733.60256202875
92,98600,121764.16859705759
93,163500,146106.0487436093
94,133900,160345.19854158247
95,204750,196588.50966426622
96,185000,177616.29750650912
97,214000,228473.30752225782
98,94750,120769.93988798214
99,83000,80267.69629561178
100,128950,117707.27861256833
101,205000,208685.4541930128
102,178000,166433.20234121077
103,118964,121963.09365636842
104,198900,202475.83619515164
105,169500,158995.79395638872
106,250000,243415.06834488263
107,100000,99015.77099854233
108,115000,104705.8310432452
109,115000,115332.1299483657
110,190000,199805.47106999625
111,136900,142345.04485958742
112,180000,174169.55545543265
113,383970,354388.1006603834
114,217000,220041.48026145622
115,259500,213245.30614580386
116,176000,155870.14270521177
117,139000,128187.46589431918
118,155000,150484.5111818462
119,320000,322108.5227888279
120,163990,167732.57789520588
121,180000,163753.43773209237
122,100000,89658.13980536151
123,136000,138998.48395614678
124,153900,158735.16396366575
125,181000,176988.88973448478
126,84500,92274.5274721136
127,128000,133829.89595952196
128,87000,89800.52058419245
129,155000,148755.04398508888
130,150000,139774.22850226477
131,226000,229055.6057048531
132,244000,207677.6173024219
133,150750,144385.91240288285
134,220000,232525.60524075525
135,180000,175059.04558045694
136,174000,172478.0633413107
137,143000,142130.3842720447
138,171000,205888.9099193139
139,230000,247717.2980503353
140,231500,205599.99930205863
141,115000,110086.7592194027
142,260000,248703.94716747128
143,166000,131854.48651919383
144,204000,207858.97783094944
145,125000,151392.91940673956
146,130000,130700.3420162635
147,105000,112356.69872809203
148,222500,214860.10734472828
149,141000,164548.33698601337
150,115000,100580.58340240936
151,122000,140834.7501509502
152,372402,329558.33009949676
153,190000,189443.7166994963
154,235000,214700.3601707078
155,125000,112157.22681376184
156,79000,80377.8227102559
157,109500,107030.9500403798
158,269500,277400.50410574395
159,254900,233058.01313935942
160,320000,286232.81082301
161,162500,153551.20151654197
162,412500,439240.1363295074
163,220000,239620.15319342396
164,103200,96777.44378744728
165,152000,146447.0469534794
166,127500,120570.97418300685
167,190000,186062.47743636847
168,325624,343222.733389453
169,183500,191797.4840215559
170,228000,234531.05200635426
171,128500,131357.18252210892
172,215000,200887.75304636182
173,239000,203045.75503200188
174,163000,151966.54885920134
175,184000,198389.80065621395
176,243000,217821.71000394225
177,211000,203146.82793817497
178,172500,160031.9728034842
179,501837,486539.13852679625
180,100000,116283.27442690081
181,177000,160362.8394137909
182,200100,190699.1504299412
183,120000,125010.848060884
184,200000,219409.47738382634
185,127000,126563.21720296089
186,475000,459361.41531843465
187,173000,179317.7450775692
188,135000,122556.31221087102
189,153337,137256.70361912015
190,286000,272601.27018106886
191,315000,299774.9829091928
192,184000,179069.88128775777
193,192000,196757.54558746197
194,130000,147808.38092348582
195,127000,121822.84581403705
196,148500,148701.42025048914
197,311872,287667.116121897
198,235000,254638.08307364394
199,104000,118187.30559040286
200,274900,292380.31183181773
201,140000,140823.38012306462
202,171500,154028.53106014628
203,112000,112803.7639214721
204,149000,146180.05105117886
205,110000,114498.76315657227
206,180500,171828.350246455
207,143900,143501.24231267438
208,141000,137167.12078204754
209,277000,254687.39085079078
210,145000,146899.35070500214
211,98000,93010.98410865544
212,186000,170631.65410696517
213,252678,241896.69750810426
214,156000,147433.85115089902
215,161750,156638.30096795087
216,134450,138129.1945937085
217,210000,208945.89108468717
218,107000,84923.01829555791
219,311500,248277.2614241227
220,167240,177327.32807762962
221,204900,205669.35614347135
222,200000,192687.70888594122
223,179900,178305.29877743736
224,97000,115998.667116108
225,386250,400019.4888154076
226,112000,93723.66696404568
227,290000,266673.043173772
228,106000,104396.40202241714
229,125000,121624.70038753824
230,192500,195100.88407133115
231,148000,132982.81739335673
232,403000,384418.2511575952
233,94500,98820.06149347044
234,128200,126364.98746980498
235,216500,203696.21066357158
236,89500,93359.58263430599
237,185500,189521.87401105312
238,194500,200602.58452219664
239,318000,280033.6366170517
240,113000,123147.13106445274
241,262500,262960.37247904623
242,110500,101162.09684672681
243,79000,88501.01241099516
244,120000,128571.97619185362
245,205000,230312.47205577866
246,241500,230052.3813796964
247,137000,136230.17457281408
248,140000,145401.4865781771
249,180000,189849.65517686374
250,277000,265119.9612218766
251,76500,81342.15264414203
252,235000,256947.56930338655
253,173000,172095.30985540684
254,158000,154381.7379695842
255,145000,145952.20946739856
256,230000,226419.39432671337
257,207500,188788.79663036775
258,220000,224228.46552569463
259,231500,214302.54122402638
260,97000,105489.18550129532
261,176000,177033.6190714112
262,276000,329902.22340261197
263,151000,153645.60602427754
264,130000,126181.04942920154
265,73000,87194.98848505129
266,175500,181956.38627445686
267,185000,185973.80025360087
268,179500,166029.72635718822
269,120500,114915.4747261413
270,148000,150119.34370959812
271,266000,266084.57430518226
272,241500,232347.80191026334
273,290000,287679.67935556173
274,139000,160423.02786690777
275,124500,129355.62943355566
276,205000,184699.73061168482
277,201000,211429.61410333746
278,141000,120862.21401325677
279,415298,389865.65841871063
280,192000,214357.53415899974
281,228500,222241.37166772236
282,185000,179376.33580640034
283,207500,211128.55457337786
284,244600,258239.9524387449
285,179200,180540.33509118587
286,164700,164980.42458053815
287,159000,178595.9343601838
288,88000,98169.13539015705
289,122000,118311.68077590884
290,153575,152432.14671830845
291,233230,237861.4332203808
292,135900,129699.45484691282
293,131000,136742.31004269494
294,235000,251262.40166071412
295,167000,181972.5300360632
296,142500,140142.1588758867
297,152000,137963.3829925102
298,239000,229476.850989178
299,175000,175334.46153037663
300,158500,161060.43369101497
301,157000,159264.3638031179
302,267000,274277.90445996885
303,205000,215096.89009807285
304,149900,137215.06416230262
305,295000,307465.30316429475
306,305900,319013.33811334375
307,225000,242699.34368787744
308,89500,108328.99886553669
309,82500,107124.82364218832
310,360000,384756.6008980072
311,165600,181712.18599473234
312,132000,137259.21671471308
313,119900,129301.20656983416
314,375000,351244.6248793886
315,178000,166265.02906215916
316,188500,179481.56352418265
317,260000,252578.76111136132
318,270000,260664.81701888857
319,260000,290425.0729784462
320,187500,198894.92677372586
321,342643,357828.6952157667
322,354000,333071.0686607672
323,301000,274748.882074163
324,126175,132830.61528137478
325,242000,251427.51654004666
326,87000,92406.64505166237
327,324000,308187.89950409124
328,145250,150303.93764631983
329,214500,171538.5113700652
330,78000,80834.11449156574
331,119000,132819.4684629987
332,139000,139588.91948675344
333,284000,289368.1077961157
334,207000,193861.62201282507
335,192000,189882.96847845893
336,228950,233636.880641829
337,377426,366842.9208158929
338,214000,214182.1928228842
339,202500,200960.30178417853
340,155000,150409.3467183276
341,202900,223784.3102226076
342,82000,85204.85455193472
343,87500,80861.55830018035
344,266000,268838.2883693745
345,85000,85539.09846018389
346,140200,137174.88825524642
347,151500,146188.25450633804
348,157500,186102.34137300824
349,154000,180157.490940994
350,437154,440412.55163571576
351,318061,303741.8164113803
352,190000,190528.9530017991
353,95000,92141.40403962904
354,105900,109346.39509196965
355,140000,150497.03860696417
356,177500,165771.16469892903
357,173000,160269.57441973
358,134000,141531.80156683087
359,130000,122151.01897436581
360,280000,263249.816707952
361,156000,152528.52428455485
362,145000,132693.26808953442
363,198500,201185.10931040696
364,118000,112955.60801789953
365,190000,189792.8815776112
366,147000,124239.43022437378
367,159000,167650.27964723145
368,165000,147399.44757143158
369,132000,141528.7315567529
370,162000,158367.46404082014
371,172400,170412.52944321217
372,134432,125708.4715873296
373,125000,123654.34170634663
374,123000,118490.57843133734
375,219500,206942.5805844538
376,61000,73373.01711526011
377,148000,135463.4494990041
378,340000,303402.30602158135
379,394432,389809.4832900942
380,179000,185147.6434973516
381,127000,128381.4243002288
382,187750,201608.84100581013
383,213500,201846.13892174672
384,76000,85881.90011961608
385,240000,241186.33907393724
386,192000,202911.33753753462
387,81000,88142.99944077285
388,125000,130422.69080519048
389,191000,188541.96662062226
390,426000,426563.9676107805
391,119000,120983.18340256014
392,215000,214650.57954712232
393,106500,112435.4801233098
394,100000,98123.87786252041
395,109000,103636.40952903326
396,129000,137481.31440964027
397,123000,127294.83087978352
398,169500,159954.95531641488
399,67000,72517.72070858646
400,241000,203846.07441980025
401,245500,243239.17623028325
402,164990,193933.97328089722
403,108000,109435.50681985718
404,258000,248268.04965554265
405,168000,172051.91948338598
406,150000,155235.15284241433
407,115000,119687.79801326321
408,177000,166968.88583126213
409,280000,279496.24596622714
410,339750,304930.24107156397
411,60000,90769.9429925348
412,145000,151990.28796711177
413,222000,226266.44223484214
414,115000,113781.00575931037
415,228000,240451.79420713356
416,181134,193034.84682034803
417,149500,158292.02765216198
418,239000,225926.75718861644
419,126000,106957.42220305087
420,142000,138878.61125845002
421,206300,205176.23093529794
422,215000,215730.42578812464
423,113000,124995.17339120798
424,315000,333434.358715174
425,139000,139518.41545376895
426,135000,144425.49181562912
427,275000,244543.89179639233
428,109008,112197.64033101324
429,195400,191489.9788567645
430,175000,183409.8806293741
431,85400,98794.63428630658
432,79900,103126.8976725424
433,122500,116505.59320861482
434,181000,170001.21952261816
435,81000,84923.85292498865
436,212000,207029.35483233168
437,116000,102555.46524387032
438,119000,117622.66463111139
439,90350,95804.92239980117
440,110000,130631.2230702444
441,555000,529702.5616555032
442,118000,122358.48895041263
443,162900,146537.53503073534
444,172500,197222.52811068256
445,210000,208906.65241990102
446,127500,156438.6268621259
447,190000,206267.08150004153
448,199900,200396.45776405546
449,119500,122140.59204515663
450,120000,114663.93586979278
451,110000,111298.83586067783
452,280000,254181.70516050156
453,204000,200751.68328099643
454,210000,214946.58047288918
455,188000,170952.59084637393
456,175500,171306.64773725288
457,98000,93454.22743312806
458,256000,238733.67036121877
459,161000,173276.23851563007
460,110000,111073.64456430478
461,263435,249036.15539304967
462,155000,160731.10935579205
463,62383,106584.75255642424
464,188700,176444.76639169824
465,124000,125145.15159638204
466,178740,179627.94818160328
467,167000,171993.23084316505
468,146500,149973.43649571712
469,250000,237885.90276497015
470,187000,181511.9797947342
471,212000,223914.21095644482
472,190000,201644.1117307505
473,148000,139534.09461615313
474,440000,397256.67883098644
475,251000,253875.94750526946
476,132500,135293.94580929136
477,208900,206099.83291876165
478,380000,403907.334247121
479,297000,301422.95499824174
480,89471,107736.03179551166
481,326000,351296.7259725188
482,374000,347585.6182161611
483,155000,171117.29616599125
484,164000,157939.646198269
485,132500,134122.02344710924
486,147000,148837.6492128102
487,156000,145541.9439120666
488,175000,176747.0504200598
489,160000,139509.771306688
490,86000,101324.77260447467
491,115000,113459.6992669641
492,133000,153720.60858219213
493,172785,167819.8389336742
494,155000,142968.44377754544
495,91300,95594.50168053899
496,34900,51603.60519238356
497,430000,408591.7097255598
498,184000,178497.62487735046
499,130000,134152.17664783268
500,120000,128814.76401076661
501,113000,116506.11096788038
502,226700,212613.99685702825
503,140000,143568.94694101022
504,289000,274646.5432261099
505,147000,135288.99959697438
506,124500,118871.55845692013
507,215000,220668.492050142
508,208300,182020.99093913834
509,161000,156954.76156350417
510,124500,138960.1018020071
511,164900,158637.89302677894
512,202665,190723.52973381942
513,129900,124219.55777319797
514,134000,139346.10639279606
515,96500,95526.18536735607
516,402861,419301.4964922673
517,158000,167514.72054348278
518,265000,265008.33377376245
519,211000,195803.25952544194
520,234000,240642.52055453238
521,106250,97398.12855939589
522,150000,143891.10452054057
523,159000,152418.96864571297
524,184750,215840.34977793618
525,315750,284450.7471434853
526,176000,181580.86185432354
527,132000,136533.65053702708
528,446261,463016.1801992722
529,86000,94971.81898890532
530,200624,209924.55776515324
531,175000,187283.84540573717
532,128000,131560.12281753015
533,107500,108305.39308345616
534,39300,50740.36627445862
535,178000,199511.44674655245
536,107500,132166.46514181606
537,188000,195559.65270128063
538,111250,125177.510998878
539,158000,137523.27763115987
540,272000,268143.0041651331
541,315000,364294.39516433224
542,248000,264491.57911706093
543,213250,210572.6798524617
544,133000,155301.10255867228
545,179665,213059.48845238794
546,229000,246675.53233172352
547,210000,176978.48862412665
548,129500,126180.96071109583
549,125000,128543.68799414126
550,263000,229863.94316949308
551,140000,135778.4720791584
552,112500,121015.64409854307
553,255500,268981.89527048205
554,108000,117373.05505961306
555,284000,255574.8052990604
556,113000,113903.22172096037
557,141000,144473.96994357675
558,108000,106622.97960915428
559,175000,186621.6731301896
560,234000,193252.6520985915
561,121500,166343.2362542738
562,170000,164999.41872052607
563,108000,122879.84392583653
564,185000,174297.81805674807
565,268000,252666.62886285037
566,128000,122946.54357478867
567,325000,333171.0387807573
568,214000,196391.3350474861
569,316600,313422.32537150785
570,135960,132648.6400227894
571,142600,155459.3351010827
572,120000,124861.74361895474
573,224500,220814.50880249616
574,170000,168397.4867642666
575,139000,125384.7739543404
576,118500,111394.3534364951
577,145000,155644.7182931004
578,164500,151481.21278980086
579,146000,160214.2161085927
580,131500,125160.84986898712
581,181900,183146.46882236667
582,253293,287997.48151037557
583,118500,127028.90471799328
584,325000,320056.11508657405
585,133000,132059.52048919632
586,369900,379131.02653943474
587,130000,130396.39939311922
588,137000,131096.4634851509
589,143000,182854.94641491352
590,79500,103001.5101970608
591,185900,191980.28004996316
592,451950,440098.852457066
593,138000,133789.2034654458
594,140000,140907.27285520654
595,110000,115455.33973187787
596,319000,320367.5139670499
597,114504,110793.94572658217
598,194201,197877.54951056087
599,217500,205873.12328211052
600,151000,153274.82284188535
601,275000,237298.4250026159
602,141000,127532.89630532646
603,220000,219168.00323918543
604,151000,157654.68657017034
605,221000,222400.2467759121
606,205000,219353.8923581903
607,152000,149155.10636634514
608,225000,177879.55194708644
609,359100,341047.0795139896
610,118500,122781.60245668757
611,313000,331854.5427761968
612,148000,150594.79444610045
613,261500,251078.68004181155
614,147000,136918.32894094786
615,75500,78907.0111097435
616,137500,140556.92275984303
617,183200,179955.17396187643
618,105500,114344.32064182914
619,314813,322912.6310142454
620,305000,313902.4700656862
621,67000,71482.77089180038
622,240000,234207.3791879222
623,135000,130098.10584936374
624,168500,160362.8394137909
625,165150,172214.14233227022
626,160000,145633.45123106378
627,139900,131464.83355505046
628,153000,168304.79173262283
629,135000,170424.33218755128
630,168500,152410.55450076354
631,124000,113582.01682928868
632,209500,223137.84995057134
633,82500,172422.49256537473
634,139400,140254.49162384594
635,144000,136678.52595840828
636,200000,196862.59434595547
637,60000,59622.74375066024
638,93000,106429.71399462248
639,85000,94335.12910095825
640,264561,275518.0947655728
641,274000,275117.92053320684
642,226000,229242.2741050469
643,345000,360139.33232220495
644,152000,150890.63633099766
645,370878,357514.18415902334
646,143250,129900.9228513655
647,98300,98220.92636190487
648,155000,151607.85115823266
649,155000,163097.3090113735
650,84500,82215.9508642038
651,205950,198509.4048295524
652,108000,120023.53773044949
653,191000,191161.75497164667
654,135000,129796.44208825589
655,350000,351449.0175950836
656,88000,91801.50916726912
657,145500,143446.7527786186
658,149000,172585.8083457559
659,97500,124945.5617322156
660,167000,170008.48900183503
661,197900,199789.5356249747
662,402000,382880.97026299016
663,110000,127097.34385480236
664,137500,133640.0051888794
665,423000,407227.26171065227
666,230500,244133.84609154545
667,129000,151801.0169894543
668,193500,206412.39788830458
669,168000,165624.24752233052
670,137500,115490.4819621137
671,173500,162781.6349800663
672,103600,116296.75237089823
673,165000,163680.68054015294
674,257500,248486.4980973307
675,140000,143152.31779676565
676,148500,146951.3717403001
677,87000,95144.4815940567
678,109500,112814.2536560308
679,372500,351375.4907458813
680,128500,124690.27336337852
681,143000,135423.13457726495
682,159434,114127.7275670743
683,173000,173955.28094991093
684,285000,290457.8705110911
685,221000,212076.93396360974
686,207500,223462.73452473534
687,227875,220603.98314132393
688,148800,150963.935612551
689,392000,281484.0497703802
690,194700,170111.56422062404
691,141000,146180.05105117886
692,755000,722575.7990688843
693,335000,283002.5248503212
694,108480,105617.32145205553
695,141500,120534.90134588398
696,176000,172811.30021200172
697,89000,97073.00132510792
698,123500,120083.84223393223
699,138500,138531.8343584484
700,196000,183728.5550949509
701,312500,307519.3328573321
702,140000,154819.54911079624
703,361919,349111.7363931728
704,140000,142784.25593383232
705,213000,207756.50942427487
706,55000,63701.757589089815
707,302000,285900.87640617305
708,254000,228914.63168868178
709,179540,180914.19609833212
710,109900,109902.07428209724
711,52000,76707.26355682102
712,102776,99614.840428206
713,189000,205021.7284282689
714,129000,124228.77257125825
715,130500,168281.69343133585
716,165000,139422.96933403023
717,159500,200867.59046024887
718,157000,157961.7999348191
719,341000,307860.5154426
720,128500,135529.4478475813
721,275000,264713.3828239831
722,143000,141956.40325109757
723,124500,115604.52909207296
724,135000,130316.42391400172
725,320000,344248.3732272843
726,120500,119210.78855431291
727,222000,208598.83623265137
728,194500,192723.01272853356
729,110000,134625.1802948667
730,103000,99758.78065252461
731,236500,253266.85743002396
732,187500,187368.42005647585
733,222500,236294.23937273995
734,131400,135039.11370481306
735,108000,109736.9606260284
736,163000,162640.86282619802
737,93500,82726.35834473763
738,239900,236557.07386379174
739,179000,143486.630637813
740,190000,197732.01543085626
741,132000,121157.70222201229
742,142000,135719.91021768807
743,179000,176168.55572687185
744,175000,164035.28822512942
745,180000,212476.28785234113
746,299800,304822.5353442192
747,236000,237260.3286042398
748,265979,257913.38802331494
749,260400,235395.10800124903
750,98000,80553.02752480208
751,96500,87693.94095198698
752,162000,167194.7107601759
753,217000,210103.00919061172
754,275500,269727.5227133838
755,156000,146087.5138798522
756,172500,150597.36450923944
757,212000,219680.68052122652
758,158900,155084.11382334254
759,179400,171017.15635780332
760,290000,313255.79294008657
761,127500,133299.82207301984
762,100000,123623.04736781152
763,215200,199662.26907424495
764,337000,332973.54207273136
765,270000,253617.48885938642
766,264132,283116.9428125241
767,196500,183977.86231621003
768,160000,167837.4009456808
769,216837,214612.79143933053
770,538000,522879.9505632686
771,134900,127076.29362024841
772,102000,119313.13723246552
773,107000,129549.7815723831
774,114500,119295.44188873039
775,395000,338911.12732757797
776,162000,160483.24869023237
777,221500,219544.696204563
778,142500,147732.13627827447
779,144000,134665.5344884589
780,135000,139831.11970586926
781,176000,173469.33304414127
782,175900,170717.2060453793
783,187100,192796.7562793026
784,165500,153562.4837107229
785,128000,131406.7600949487
786,161500,155283.01323210695
787,139000,119409.16166174418
788,233000,230661.93827861286
789,107900,109473.71760562171
790,187500,204649.9086026198
791,160200,169581.47302011485
792,146800,150420.21542434266
793,269790,233880.19515717935
794,225000,233728.19922513043
795,194500,198480.09667819183
796,171000,157770.68475318665
797,143500,134415.5865794532
798,110000,113987.32146044116
799,485000,485987.0683925326
800,175000,154234.72610676533
801,200000,193217.50922778677
802,109900,118744.61909546811
803,189000,184022.66627405438
804,582933,541969.1393741713
805,118000,116602.80529327385
806,227680,218693.0182871441
807,135500,125840.47211317721
808,223500,206829.64535233664
809,159950,154142.3550990738
810,106000,118101.09649664447
811,181000,169695.91092480478
812,144500,146180.05105117886
813,55993,83823.43572971545
814,157900,156116.71621279718
815,116000,115824.011242999
816,224900,201725.1756162234
817,137000,137206.65793594465
818,271000,280973.2685364036
819,155000,150355.51803671513
820,224000,212844.97424474292
821,183000,187500.3486053762
822,93000,85840.00731089836
823,225000,194447.36808669937
824,139500,140467.59902451467
825,232600,235283.68218972188
826,385000,404808.8034205327
827,109500,105360.33519984147
828,189000,189629.1137901269
829,185000,181456.54071515007
830,147400,155405.32976143362
831,166000,167956.99233920244
832,151000,155405.32976143362
833,237000,219982.5808004667
834,167000,171065.81869897386
835,139950,142097.01820819828
836,128000,138731.14009526727
837,153500,153303.95429265822
838,100000,101744.093882702
839,144000,141892.60555520575
840,130500,126218.74484786442
841,140000,126973.66054013146
842,157500,141234.57418556217
843,174900,152869.56836963285
844,141000,118542.86298183237
845,153900,143376.6703654719
846,171000,189180.35368723556
847,213000,201314.24164754493
848,133500,138016.6031200271
849,240000,238917.0933815246
850,187000,185128.78184831573
851,131500,140907.27285520654
852,215000,205861.53905986669
853,164000,169139.99848974368
854,158000,165800.5651729502
855,170000,166626.68342780348
856,127000,135984.04197809342
857,147000,143334.2149344524
858,174000,162139.55709500783
859,152000,152931.0914176836
860,250000,237471.3011461459
861,189950,179413.0981392507
862,131500,126617.54594109184
863,152000,138680.7144359945
864,132500,143204.74349403987
865,250580,217517.94082696884
866,148500,133015.89594284413
867,248900,253903.43774032223
868,129000,133072.5075044191
869,169000,156458.86474131994
870,236000,231421.66036814373
871,109500,102453.69916325464
872,200500,184582.11193235707
873,116000,124872.4321839155
874,133000,135871.6148246648
875,66500,83886.37669700895
876,303477,312697.05478087225
877,132250,141724.15934514801
878,350000,346176.9373317532
879,148000,150124.94064534587
880,136500,133988.66804808468
881,157000,162008.07897966745
882,187500,203460.6331142916
883,178000,172093.11563559997
884,118500,121202.01563430837
885,100000,120021.03645779283
886,328900,316022.71566255816
887,145000,164512.48691501823
888,135500,145213.28937954892
889,268000,282283.51825377624
890,149500,160625.53499097927
891,122900,120645.54254836675
892,172500,167391.73464521664
893,154500,145050.9589756418
894,165000,165083.01508547377
895,118858,121963.09365636842
896,140000,174151.5803393495
897,106500,97166.4705351067
898,142953,132421.5756366105
899,611657,577251.5918660839
900,135000,136371.45252897145
901,110000,114422.65157557996
902,153000,138657.02515229923
903,180000,182884.9470157378
904,240000,227258.9592653858
905,125500,125270.70705453568
906,128000,127476.57901878939
907,255000,253369.91816092134
908,250000,243789.9123968376
909,131000,133027.66862130095
910,174000,173281.7705189945
911,154300,153099.45567957204
912,143500,148349.1249402725
913,88000,101545.34923106634
914,145000,159022.16326903636
915,173733,160579.52729634324
916,75000,84397.97146698025
917,35311,43146.56807377862
918,135000,140431.83384864515
919,238000,259031.33912577113
920,176500,172922.12045490014
921,201000,193289.01643375875
922,145900,167800.86982826403
923,169990,176020.2809752624
924,193000,189512.93486273405
925,207500,194619.74371531163
926,175000,165391.47267405197
927,285000,308246.2710994344
928,176000,201748.8171734041
929,236500,243562.18233810403
930,222000,229526.3424893838
931,201000,243675.3938154476
932,117500,122609.8981843935
933,320000,327852.56718239485
934,190000,203779.31240835323
935,242000,250242.70668790457
936,79900,82938.48679686185
937,184900,193399.8041468395
938,253000,239215.21514957372
939,239799,253839.16180686813
940,244400,248262.06269219547
941,150900,171787.19861173193
942,214000,231477.30710298024
943,150000,143537.63444351737
944,143000,141052.06187379023
945,137500,156115.84720986502
946,124900,140287.38021246804
947,143000,141227.4731545211
948,270000,278424.7414114222
949,192500,207527.01643816847
950,197500,178918.6474086721
951,129000,135367.9116606123
952,119900,119409.65079109871
953,133900,129657.82726477533
954,172000,166516.16832594475
955,127500,119969.36222366632
956,145000,163996.2221213886
957,124000,134693.97865680206
958,132000,130255.02717258788
959,185000,193202.38969334986
960,155000,169003.69739952465
961,116500,126174.963798242
962,272000,252516.9204858428
963,155000,153844.23031446265
964,239000,269204.4499239731
965,214900,216697.23365425252
966,178900,179193.81272863122
967,160000,141331.19871326882
968,135000,135799.59622575392
969,37900,58462.048851168554
970,140000,128752.3875100236
971,135000,90462.02933163138
972,173000,180054.80664258567
973,99500,120174.57622118258
974,182000,193791.29193695556
975,167500,204699.8148217323
976,165000,165828.3374087837
977,85500,83361.33891675912
978,199900,206876.3271216407
979,110000,112942.44918868625
980,139000,136161.97383431438
981,178400,181927.7219267502
982,336000,319822.0291831038
983,159895,172792.94385447688
984,255900,248214.79436834433
985,126000,127455.02089827305
986,125000,124225.17594363914
987,117000,127629.33540628974
988,395192,419111.52448564675
989,195000,186179.0447470955
990,197000,195653.00423865073
991,348000,318879.10693281464
992,168000,186131.05634660306
993,187000,198615.1388778664
994,173900,173823.29802449638
995,337500,344523.13724275964
996,121600,109988.29658941981
997,136500,134952.32630261377
998,185000,163970.06769613345
999,91000,88491.40836588659
1000,206000,191083.33899945897
1001,82000,77288.11108093118
1002,86000,88282.7697368886
1003,232000,244451.5767254294
1004,136905,143361.48031848008
1005,181000,190093.3925283587
1006,149900,137661.49620573674
1007,163500,173103.8859312178
1008,88000,91437.71636323244
1009,240000,227988.351782576
1010,102000,104888.08393747525
1011,135000,123466.86430781396
1012,100000,104980.290875186
1013,165000,155716.96885428997
1014,85000,99755.05310249596
1015,119200,127359.04873099549
1016,227000,217990.2095257103
1017,203000,208380.54972677998
1018,187500,202319.58968737625
1019,160000,163775.55320277115
1020,213490,195100.88407133115
1021,176000,160177.80322419462
1022,194000,195173.4933523356
1023,87000,110404.0887363449
1024,191000,190093.3925283587
1025,287000,315767.756621026
1026,112500,115680.26954293245
1027,167500,144707.69897301114
1028,293077,295572.79930816713
1029,105000,121434.00185186337
1030,118000,124937.92731626719
1031,160000,151327.33545818034
1032,197000,217342.39253295262
1033,310000,319618.9510182884
1034,230000,223406.46660535532
1035,119750,124650.64903574025
1036,84000,77050.65696465794
1037,315500,323130.96567800606
1038,287000,262601.11218046583
1039,97000,96964.06110167525
1040,80000,86988.44953699625
1041,155000,158771.32113438976
1042,173000,171358.74339769525
1043,196000,182000.769033096
1044,262280,259583.0948024548
1045,278000,298326.08833795437
1046,139600,135940.16200918614
1047,556581,500312.19335467386
1048,145000,137486.23361552486
1049,115000,136771.43400840412
1050,84900,95764.69488875604
1051,176485,189733.87587855497
1052,200141,190560.2427187163
1053,165000,177259.68634508428
1054,144500,149254.29554083236
1055,255000,265326.1570391108
1056,180000,167842.22511699976
1057,185850,194485.66670738134
1058,248000,224470.14546056438
1059,335000,336741.1771133129
1060,220000,188501.09855436537
1061,213500,213428.29689473525
1062,81000,84892.60309972905
1063,90000,117825.8816239286
1064,110500,131793.94169574516
1065,154000,155175.98846011094
1066,328000,292188.16049371107
1067,178000,179528.64278731
1068,167900,177211.46143446618
1069,151400,157312.94778794225
1070,135000,129702.54960291903
1071,135000,132657.97507433154
1072,154000,157966.18167068393
1073,91500,108186.44998391785
1074,159500,158391.1720997924
1075,194000,197371.5348422021
1076,219500,204892.37397741506
1077,170000,161095.12502335213
1078,138800,137491.02390720756
1079,155900,146180.05105117886
1080,126000,136490.05155883846
1081,145000,155497.7671644282
1082,133000,130547.9281546559
1083,192000,189534.86596571628
1084,160000,147113.62178583143
1085,187500,187060.6868097467
1086,147000,150580.65798309195
1087,83500,100925.57978895995
1088,252000,259033.43449008383
1089,137500,147808.38092348582
1090,197000,226713.00552347396
1091,92900,84917.21787552234
1092,160000,160163.38668480414
1093,136500,152164.06406515086
1094,146000,145315.04033484103
1095,129000,131669.2413589492
1096,176432,167253.76709275338
1097,127000,117273.93562128613
1098,170000,177545.99817137138
1099,128000,112545.1753506595
1100,157000,173992.19901545194
1101,60000,71418.48814642921
1102,119500,119508.95598225595
1103,135000,130760.06912833084
1104,159500,154130.99436900887
1105,106000,103719.96603908337
1106,325000,340870.0630417565
1107,179900,178093.6536998766
1108,274725,241572.71481212715
1109,181000,166712.97824820117
1110,280000,295477.74909220095
1111,188000,186722.55458879762
1112,205000,206617.95165688635
1113,129900,122588.38315841602
1114,134500,136478.3338545573
1115,117000,115989.11782545163
1116,318000,299537.15744984354
1117,184100,200752.44848218487
1118,130000,142239.81941614396
1119,140000,139062.0029507021
1120,133700,130746.59506251819
1121,118400,111537.94852435103
1122,212900,217312.92928285088
1123,112000,95514.31191165862
1124,118000,108932.96166057268
1125,163900,161798.09270874172
1126,115000,117527.58919978364
1127,174000,195418.29865682367
1128,259000,238203.48150375526
1129,215000,215113.77437102402
1130,140000,125847.18678971706
1131,135000,140875.70419341192
1132,93500,110445.56445469959
1133,117500,124876.71737791637
1134,239500,249245.22070845964
1135,169000,168354.59671326456
1136,102000,108648.08728763158
1137,119000,120318.57533338795
1138,94000,97159.40528313965
1139,196000,198413.52189324956
1140,144000,129404.34282666208
1141,139000,122372.20344948207
1142,197500,177363.17758280772
1143,424870,406989.675717946
1144,80000,97657.39448985967
1145,80000,82915.53222691105
1146,149000,128134.88991268002
1147,180000,171861.39592163963
1148,174500,185182.77515748434
1149,116900,131084.67455460326
1150,143000,154379.0296492257
1151,124000,122157.63192974012
1152,149900,162583.8555820544
1153,230000,217026.9917654883
1154,120500,120415.30985945696
1155,201800,212596.13452456228
1156,218000,198355.1297414898
1157,179900,168914.93844984862
1158,230000,211186.4074819533
1159,235128,252317.22277645493
1160,185000,184962.14032528538
1161,146000,143783.1261252763
1162,224000,204843.78892359338
1163,129000,134166.23457023918
1164,108959,127069.22364283478
1165,194000,194262.714685918
1166,233170,215983.00424592244
1167,245350,262241.0565658647
1168,173000,185572.8713642382
1169,235000,210918.4207840381
1170,625000,620755.183213046
1171,171000,154983.69387195498
1172,163000,156729.13355860268
1173,171900,161906.42680211464
1174,200500,222739.68841390504
1175,239000,200620.85883905765
1176,285000,315222.429456981
1177,119500,127979.80889290251
1178,115000,121579.03091642275
1179,154900,130480.64401993495
1180,93000,92261.62652529425
1181,250000,252601.46909393286
1182,392500,345349.55832221126
1183,745000,731115.684494625
1184,120000,141015.84457080154
1185,186700,199930.191469186
1186,104900,125654.42240259572
1187,95000,110303.06581233931
1188,262000,277406.5219518798
1189,195000,189849.65517686374
1190,189000,199094.48410189466
1191,168000,172985.19987989016
1192,174000,185692.91240057297
1193,125000,128664.94083251453
1194,165000,160483.24869023237
1195,158000,144738.77556368333
1196,176000,157513.11089339852
1197,219210,231912.86295279194
1198,144000,155345.33552978325
1199,178000,182046.36076594912
1200,148000,148308.79434974716
1201,116050,102577.19591871141
1202,197900,201676.74369963125
1203,117000,130306.02660074107
1204,213000,196702.2750722313
1205,153500,147341.0996626989
1206,271900,282562.09504170914
1207,107000,109597.48159397507
1208,200000,195075.44849995573
1209,140000,137756.28716775152
1210,290000,283773.75852220063
1211,189000,187764.98762878805
1212,164000,199688.58160178122
1213,113000,103824.50473027883
1214,145000,122107.40733807602
1215,134500,128961.70089174162
1216,125000,109670.52236814896
1217,112000,138474.5737785573
1218,229456,256866.39536988572
1219,80500,77219.21083539518
1220,91500,102512.21552294817
1221,115000,116641.32268261381
1222,134000,123919.29159199809
1223,143000,149697.08414117762
1224,137900,136228.7930417676
1225,184000,198080.6637730709
1226,145000,134070.10223517867
1227,214000,213044.12310756336
1228,147000,140704.93650190398
1229,367294,379089.87487865554
1230,127000,140786.71165199476
1231,190000,203316.88488141543
1232,132500,144934.96737009528
1233,101800,103243.10407303592
1234,142000,139975.22448735608
1235,130000,128146.25381367932
1236,138887,142925.0145700947
1237,175500,174101.84032688243
1238,195000,218381.02883085283
1239,142500,140834.60405245033
1240,265900,233578.86028299047
1241,224900,208935.0697326826
1242,248328,238758.99370544867
1243,170000,174193.92443598373
1244,465000,426639.8695766842
1245,230000,209263.27320841528
1246,178000,190771.06287895617
1247,186500,195653.00423865073
1248,169900,151408.84543691485
1249,129500,144339.5896254823
1250,119000,126536.16654743766
1251,244000,242137.76928675326
1252,171750,179619.46488844376
1253,130000,129176.45354392231
1254,294000,271636.97422129055
1255,165400,186842.42870657027
1256,127500,129825.01979200199
1257,301500,333433.54022830795
1258,99900,89029.13014013218
1259,190000,180904.45943552617
1260,151000,147487.1766284694
1261,181000,186475.61120142916
1262,128900,132282.8705293076
1263,161500,145883.5937186396
1264,180500,170847.3204420604
1265,181000,158015.424194165
1266,183900,169003.69739952465
1267,122000,142484.38871014136
1268,378500,379500.79258081765
1269,381000,384163.28541898227
1270,144000,134878.74533529847
1271,260000,227051.39845575736
1272,185750,179582.49042021635
1273,137000,136305.2972028863
1274,177000,160566.41890244035
1275,139000,125884.42585948497
1276,137000,140586.14501021244
1277,162000,164098.52785915474
1278,197900,196714.923843612
1279,237000,258426.44202837703
1280,68400,73948.96877222702
1281,227000,212424.93234018516
1282,180000,196634.21540237073
1283,150500,147034.48356158912
1284,139000,146129.578055123
1285,169000,167293.4071647308
1286,132500,131217.12203446164
1287,143000,153006.0762525568
1288,190000,186580.19560246012
1289,278000,258563.02448310342
1290,281000,273035.1346757599
1291,180500,168430.83928544997
1292,119500,112993.287246448
1293,107500,109495.5647603846
1294,162900,180898.4087594052
1295,115000,123256.45149963126
1296,138500,133389.68062249135
1297,155000,146896.9544851309
1298,140000,145328.51953473908
1299,160000,171656.52694591178
1300,154000,156067.51639933782
1301,225000,223131.1062609604
1302,177500,172521.1137556158
1303,290000,309519.02072860993
1304,232000,217164.40433655033
1305,130000,144135.55968183436
1306,325000,327804.95005540655
1307,202500,190723.52973381942
1308,138000,142302.092566687
1309,147000,137472.77534824653
1310,179200,164466.56041513843
1311,335000,304777.60551012604
1312,203000,209361.5601533073
1313,302000,316659.9363637424
1314,333168,349219.9396675814
1315,119000,121538.66866200621
1316,206900,184508.42470625063
1317,295493,272042.8992262883
1318,208900,206824.83702137033
1319,275000,265843.03557519783
1320,111000,114649.6408922559
1321,156500,154470.30276785008
1322,72500,80520.89647697375
1323,190000,207462.56086465533
1324,82500,82342.54808107666
1325,147000,269132.9880817055
1326,55000,64308.685610380955
1327,79000,85182.12391616225
1328,130500,133676.50712694577
1329,256000,240038.4142477962
1330,176500,178479.87780157544
1331,227000,242358.78655897698
1332,132500,126201.11615195234
1333,100000,117534.1849042592
1334,125500,118730.18585896803
1335,125000,123604.31247915427
1336,167900,157347.93055224762
1337,135000,143005.96274711014
1338,52500,58897.30361154834
1339,200000,218728.70286837005
1340,128500,127197.293075309
1341,123000,111412.14344436087
1342,155000,159370.0520560712
1343,228500,250988.37927492682
1344,177000,163412.85463329914
1345,155835,178599.68974923025
1346,108500,93272.60567334955
1347,262500,258584.5802122503
1348,283463,288619.7016281505
1349,215000,235105.87523713405
1350,122000,152274.1554839745
1351,200000,181335.4936902706
1352,171000,173764.05103937714
1353,134900,129761.50623624146
1354,410000,402597.22674099443
1355,235000,230095.16836432187
1356,170000,190403.68216668896
1357,110000,118723.72526824012
1358,149900,158924.90047766303
1359,177500,159281.96903033444
1360,315000,370788.62090664165
1361,189000,176922.4923208842
1362,260000,253406.60817865553
1363,104900,117455.45740655802
1364,156932,172736.05859539763
1365,144152,152022.868111798
1366,216000,205281.13299811358
1367,193000,203396.13454241882
1368,127000,132238.64155309417
1369,144000,140907.27285520654
1370,232000,237191.37005868557
1371,105000,108753.11025863975
1372,165500,174967.7824014166
1373,274300,255759.32388954036
1374,466500,453479.5505191584
1375,250000,242574.11620518978
1376,239000,248539.44918451272
1377,91000,98490.0898628922
1378,117000,129109.94492070371
1379,83000,99212.6348798877
1380,167500,152492.59059509262
1381,58500,72202.15591838224
1382,237500,220585.6683612637
1383,157000,150895.51179490593
1384,112000,151222.99053714745
1385,105000,104556.3008356787
1386,125500,119488.60675034381
1387,250000,260587.334066847
1388,136000,139616.61301063633
1389,377500,354328.8575880083
1390,131000,135837.61856121922
1391,235000,232264.51190218818
1392,124000,136788.34390701732
1393,123000,132129.20217317893
1394,163000,151065.7701042494
1395,246578,229191.6088756406
1396,281213,299692.8469260305
1397,160000,171539.55139295952
1398,137500,131866.092278107
1399,138000,137186.20276962576
1400,137450,144565.2430999722
1401,120000,129547.7414812024
1402,193000,181906.8868552533
1403,193879,195732.8283058486
1404,282922,264421.3382111489
1405,105000,96026.31457827392
1406,275000,282562.00443348766
1407,133000,134176.41883311933
1408,112000,116861.73501662131
1409,125500,112517.23288633255
1410,215000,221468.74049761632
1411,230000,217100.75088092644
1412,140000,150211.19835565114
1413,90000,87587.55210775296
1414,257000,257922.77695720064
1415,207000,201476.5454850709
1416,175900,207461.73660365742
1417,122500,119835.46465593888
1418,340000,332498.20950441674
1419,124000,124484.01062298236
1420,223000,218752.26313765737
1421,179900,165238.67885557856
1422,127500,141098.8695067118
1423,136500,140907.27285520654
1424,274970,244198.20507320605
1425,144000,133373.54234134912
1426,142000,138938.5427604799
1427,271000,258067.12483468695
1428,140000,142047.03703382134
1429,119000,118649.36493138153
1430,182900,185922.6189502821
1431,192140,185244.2659838141
1432,143750,135244.3934365883
1433,64500,99793.23224805533
1434,186500,187835.49974263096
1435,160000,159574.68163313155
1436,174000,178496.76214454966
1437,120500,122077.46976221446
1438,394617,387371.92025623465
1439,149700,150576.3124365455
1440,197000,186526.49758288855
1441,191000,199034.56488510003
1442,149300,146180.05105117886
1443,310000,319540.2970144046
1444,121000,118852.92220373651
1445,179600,191370.12043273536
1446,129000,119884.23155013763
1447,157900,153065.36730538204
1448,240000,268407.8088838566
1449,112000,104018.40863311739
1450,92000,95615.56735694087
1451,136000,129338.11430559712
1452,287090,264251.97247617855
1453,145000,135278.56637537165
1454,84500,125019.61114460694
1455,185000,189188.42714663947
1456,175000,170412.52944321217
1457,210000,205483.49615747138
1458,266500,265800.6900620467
1459,142125,138942.22240346624
1460,147500,143483.405584218
